category,mean_star_rating,variance_star_rating,std_star_rating,n_reviews
Digital_Music_Purchase_v1_00,4.642767218550726,0.7405931022622075,0.860577191344395,1681573
Camera_v1_00,4.126985272804609,1.703881283870656,1.3053280368821687,1800886
Electronics_v1_00,4.035419072091742,1.9250481473309875,1.3874610435363537,3091103
Mobile_Electronics_v1_00,3.76316140846145,2.3211756421619567,1.5235404957407457,104852
Software_v1_00,3.566607668233446,2.588648847039435,1.60892785638121,341252
