sentiment,mean_helpful,median_helpful,n
negative,0.649585246087489,0.785714285714286,227014
positive,0.830487046637038,1,663920
neutral,0.694119073847087,1,88491
