sentiment,mean_helpful,median_helpful,n
positive,0.763091725550083,1,2532607
neutral,0.520742806259266,0.5,243815
negative,0.395431009963401,0.333333333333333,321061
