sentiment,mean_helpful,median_helpful,n
positive,0.759967326669676,1,933379
negative,0.606041924597804,0.714285714285714,255288
neutral,0.639403468254013,0.833333333333333,109461
