sentiment,mean_helpful,median_helpful,n
negative,0.613207053060023,0.714285714285714,375172
neutral,0.640716594405913,0.8,183042
positive,0.74892945939606,1,1294692
