sentiment,mean_helpful,median_helpful,n
positive,0.797548984650537,1,644085
negative,0.688757607688919,0.862068965517241,256465
neutral,0.693818790983439,0.944444444444444,90000
