sentiment,mean_helpful,median_helpful,n
positive,0.729497097499704,1,1810405
negative,0.552559241103129,0.6,534341
neutral,0.567191263284481,0.666666666666667,216117
