sentiment,mean_helpful,median_helpful,n
positive,0.764341205447675,1,792414
negative,0.575598773005349,0.666666666666667,310429
neutral,0.618716707592013,0.75,111899
