sentiment,mean_helpful,median_helpful,n
negative,0.618479156764638,0.714285714285714,136065
positive,0.741967620980686,1,524079
neutral,0.637451613997586,0.8,67198
