sentiment,mean_helpful,median_helpful,n
positive,0.775047615818139,1,1193457
negative,0.665785370377227,0.916666666666667,359374
neutral,0.708730884479497,1,210216
