sentiment,mean_helpful,median_helpful,n
negative,0.563722746280615,0.6,201304
positive,0.79693596921875,1,749529
neutral,0.601852616452947,0.666666666666667,84043
