sentiment,mean_helpful,median_helpful,n
negative,0.598550885955455,0.666666666666667,172256
positive,0.757464840104942,1,594354
neutral,0.637403724953621,0.777777777777778,77481
